query_name,query_md5,match_name,containment,intersect_hashes,ksize,scaled,moltype,match_md5,jaccard,max_containment,average_abund,median_abund,std_abund,query_containment_ani,match_containment_ani,average_containment_ani,max_containment_ani,n_weighted_found,total_weighted_hashes
BHF ,3ac7314af031571512a844a7b18bd75e,sp|Q96J65|MRP9_HUMAN ATP-binding cassette sub-family C member 12 OS=Homo sapiens OX=9606 GN=ABCC12 PE=1 SV=2,0.025,1,72,5,hp,3bff913d2efdb2d09931eab82f10aeb9,0.0036101083032490976,0.025,1.0,1.0,0.0,0.9500559162941453,0.9268127223333563,0.9384343193137508,0.9500559162941453,1,238
BHF ,3ac7314af031571512a844a7b18bd75e,sp|A8K8P3|SFI1_HUMAN Protein SFI1 homolog OS=Homo sapiens OX=9606 GN=SFI1 PE=1 SV=2,0.025,1,72,5,hp,9ef2acc860a537e324762d1a2e2fbf75,0.0035335689045936395,0.025,1.0,1.0,0.0,0.9500559162941453,0.9264922865231549,0.9382741014086501,0.9500559162941453,1,244
BHF ,3ac7314af031571512a844a7b18bd75e,sp|P21739|V_PI4HA Non-structural protein V OS=Human parainfluenza 4a virus (strain Toshiba) OX=11225 GN=P/V PE=3 SV=1,0.025,1,72,5,hp,a9e32a12c2fcc364dcb18d5a3a2c3638,0.010752688172043012,0.025,1.0,1.0,0.0,0.9500559162941453,0.9461042111661853,0.9480800637301653,0.9500559162941453,1,54
BHF ,3ac7314af031571512a844a7b18bd75e,sp|Q8N859|ZN713_HUMAN Zinc finger protein 713 OS=Homo sapiens OX=9606 GN=ZNF713 PE=1 SV=2,0.025,1,72,5,hp,91e33bd99845ef4db1e30e85e23c166e,0.00847457627118644,0.025,1.0,1.0,0.0,0.9500559162941453,0.941117974606344,0.9455869454502447,0.9500559162941453,1,79
BHF ,3ac7314af031571512a844a7b18bd75e,sp|O00124|UBXN8_HUMAN UBX domain-containing protein 8 OS=Homo sapiens OX=9606 GN=UBXN8 PE=1 SV=2,0.025,1,72,5,hp,20feba26fc2c509234ab07d1ec3d16ab,0.01098901098901099,0.025,1.0,1.0,0.0,0.9500559162941453,0.9466002617630425,0.9483280890285939,0.9500559162941453,1,52
BHF ,3ac7314af031571512a844a7b18bd75e,sp|Q96T23|RSF1_HUMAN Remodeling and spacing factor 1 OS=Homo sapiens OX=9606 GN=RSF1 PE=1 SV=2,0.05,2,72,5,hp,a3b1dfe9e7b5fbd5a20c6960a17df71e,0.006309148264984227,0.05,1.0,1.0,0.0,0.9592463137693601,0.9337148094576854,0.9464805616135228,0.9592463137693601,2,279
BHF ,3ac7314af031571512a844a7b18bd75e,sp|P28278|GL_HHV2H Envelope glycoprotein L OS=Human herpesvirus 2 (strain HG52) OX=10315 GN=gL PE=1 SV=1,0.025,1,72,5,hp,a597ce2176aca3494a8de5c9bcf58337,0.011627906976744186,0.025,1.0,1.0,0.0,0.9500559162941453,0.9479303288084143,0.9489931225512798,0.9500559162941453,1,47
BHF ,3ac7314af031571512a844a7b18bd75e,sp|P33527-2|MRP1_HUMAN Isoform 2 of Multidrug resistance-associated protein 1 OS=Homo sapiens OX=9606 GN=ABCC1,0.025,1,72,5,hp,85ee6ce957c109ab9327e3058535e86c,0.002967359050445104,0.025,1.0,1.0,0.0,0.9500559162941453,0.9239232270287113,0.9369895716614283,0.9500559162941453,1,298
BHF ,3ac7314af031571512a844a7b18bd75e,sp|P33527-3|MRP1_HUMAN Isoform 3 of Multidrug resistance-associated protein 1 OS=Homo sapiens OX=9606 GN=ABCC1,0.025,1,72,5,hp,00a9b6f2aa28cb221f4bdac54aca0722,0.00303951367781155,0.025,1.0,1.0,0.0,0.9500559162941453,0.9242724919093316,0.9371642041017385,0.9500559162941453,1,290
BHF ,3ac7314af031571512a844a7b18bd75e,sp|P33527-4|MRP1_HUMAN Isoform 4 of Multidrug resistance-associated protein 1 OS=Homo sapiens OX=9606 GN=ABCC1,0.025,1,72,5,hp,ab378f8daf3de122562773c39fe99484,0.0030211480362537764,0.025,1.0,1.0,0.0,0.9500559162941453,0.9241842681581445,0.9371200922261449,0.9500559162941453,1,292
BHF ,3ac7314af031571512a844a7b18bd75e,sp|P33527-5|MRP1_HUMAN Isoform 5 of Multidrug resistance-associated protein 1 OS=Homo sapiens OX=9606 GN=ABCC1,0.025,1,72,5,hp,e1dc3d6151586dec9c6d0dceb4d28a1a,0.003115264797507788,0.025,1.0,1.0,0.0,0.9500559162941453,0.9246316653168609,0.9373437908055031,0.9500559162941453,1,282
BHF ,3ac7314af031571512a844a7b18bd75e,sp|P33527-6|MRP1_HUMAN Isoform 6 of Multidrug resistance-associated protein 1 OS=Homo sapiens OX=9606 GN=ABCC1,0.025,1,72,5,hp,121dd811cd43d5e635fd850e04c90c71,0.0030959752321981426,0.025,1.0,1.0,0.0,0.9500559162941453,0.9245409124569929,0.9372984143755692,0.9500559162941453,1,284
BHF ,3ac7314af031571512a844a7b18bd75e,sp|P33527-7|MRP1_HUMAN Isoform 7 of Multidrug resistance-associated protein 1 OS=Homo sapiens OX=9606 GN=ABCC1,0.025,1,72,5,hp,0fe9175b96ac862867108c8ec3c97ea9,0.0031746031746031746,0.025,1.0,1.0,0.0,0.9500559162941453,0.9249078915458778,0.9374819039200115,0.9500559162941453,1,276
BHF ,3ac7314af031571512a844a7b18bd75e,sp|P33527-8|MRP1_HUMAN Isoform 8 of Multidrug resistance-associated protein 1 OS=Homo sapiens OX=9606 GN=ABCC1,0.025,1,72,5,hp,e9cb2eb75b9b22d647f7c4d2cbf26d69,0.003257328990228013,0.025,1.0,1.0,0.0,0.9500559162941453,0.9252858178279615,0.9376708670610534,0.9500559162941453,1,268
BHF ,3ac7314af031571512a844a7b18bd75e,sp|P33527-9|MRP1_HUMAN Isoform 9 of Multidrug resistance-associated protein 1 OS=Homo sapiens OX=9606 GN=ABCC1,0.025,1,72,5,hp,612e911fbae9d45897e7061c2a10143a,0.002890173410404624,0.025,1.0,1.0,0.0,0.9500559162941453,0.9235414912871428,0.936798703790644,0.9500559162941453,1,307
BHF ,3ac7314af031571512a844a7b18bd75e,sp|Q8TE69|EOLA1_HUMAN Protein EOLA1 OS=Homo sapiens OX=9606 GN=EOLA1 PE=1 SV=3,0.025,1,72,5,hp,6fa1298d90c1feeba4ac6e3c34a7ebe3,0.01639344262295082,0.045454545454545456,1.0,1.0,0.0,0.9500559162941453,0.9579773491488445,0.954016632721495,0.9579773491488445,1,22
BHF ,3ac7314af031571512a844a7b18bd75e,sp|Q92610|ZN592_HUMAN Zinc finger protein 592 OS=Homo sapiens OX=9606 GN=ZNF592 PE=1 SV=2,0.025,1,72,5,hp,85bcff3423734035cda4f42324d2af6f,0.003663003663003663,0.025,1.0,1.0,0.0,0.9500559162941453,0.927030929492635,0.9385434228933902,0.9500559162941453,1,234
BHF ,3ac7314af031571512a844a7b18bd75e,sp|P52347|MCP_HHV7J Major capsid protein OS=Human herpesvirus 7 (strain JI) OX=57278 GN=MCP PE=3 SV=1,0.05,2,72,5,hp,af1f8ec114e2dc06ada2263c3579388c,0.006557377049180328,0.05,1.0,1.0,0.0,0.9592463137693601,0.934285108821619,0.9467657112954895,0.9592463137693601,2,267
BHF ,3ac7314af031571512a844a7b18bd75e,sp|Q8TD57-2|DYH3_HUMAN Isoform 2 of Dynein axonemal heavy chain 3 OS=Homo sapiens OX=9606 GN=DNAH3,0.025,1,72,5,hp,54a312d218dbcc4830588492d2078e00,0.005,0.025,1.0,1.0,0.0,0.9500559162941453,0.9318577910726379,0.9409568536833917,0.9500559162941453,1,161
BHF ,3ac7314af031571512a844a7b18bd75e,sp|Q8TD57-3|DYH3_HUMAN Isoform 3 of Dynein axonemal heavy chain 3 OS=Homo sapiens OX=9606 GN=DNAH3,0.025,1,72,5,hp,8b418f5095c7e61191519ac9989a8308,0.0023148148148148147,0.025,1.0,1.0,0.0,0.9500559162941453,0.9203791466214248,0.9352175314577851,0.9500559162941453,1,393
BHF ,3ac7314af031571512a844a7b18bd75e,sp|O15347|HMGB3_HUMAN High mobility group protein B3 OS=Homo sapiens OX=9606 GN=HMGB3 PE=1 SV=4,0.025,1,72,5,hp,7f54140c79fef39edab846d9be023971,0.013513513513513514,0.02857142857142857,1.0,1.0,0.0,0.9500559162941453,0.9518195274316921,0.9509377218629187,0.9518195274316921,1,35
BHF ,3ac7314af031571512a844a7b18bd75e,sp|Q8TE69-2|EOLA1_HUMAN Isoform 2 of Protein EOLA1 OS=Homo sapiens OX=9606 GN=EOLA1,0.025,1,72,5,hp,34bdf5b4b50d32711585c7d5271e5fc7,0.017543859649122806,0.05555555555555555,1.0,1.0,0.0,0.9500559162941453,0.9606510452948085,0.9553534807944769,0.9606510452948085,1,18
BHF ,3ac7314af031571512a844a7b18bd75e,sp|O15440|MRP5_HUMAN ATP-binding cassette sub-family C member 5 OS=Homo sapiens OX=9606 GN=ABCC5 PE=1 SV=2,0.025,1,72,5,hp,1469e1760b3d84566603f4b8099f2474,0.0031746031746031746,0.025,1.0,1.0,0.0,0.9500559162941453,0.9249078915458778,0.9374819039200115,0.9500559162941453,1,277
BHF ,3ac7314af031571512a844a7b18bd75e,sp|O43148|MCES_HUMAN mRNA cap guanine-N(7) methyltransferase OS=Homo sapiens OX=9606 GN=RNMT PE=1 SV=1,0.075,3,72,5,hp,b7987cee49126160285f963bfb219082,0.024390243902439025,0.075,1.0,1.0,0.0,0.9646635099018441,0.9544620165766318,0.959562763239238,0.9646635099018441,3,86
BHF ,3ac7314af031571512a844a7b18bd75e,sp|Q9BYF1|ACE2_HUMAN Angiotensin-converting enzyme 2 OS=Homo sapiens OX=9606 GN=ACE2 PE=1 SV=2,0.05,2,72,5,hp,27f2e1feebdda6a6db42e87a45278f1a,0.010526315789473684,0.05,1.0,1.0,0.0,0.9592463137693601,0.9416241512814109,0.9504352325253855,0.9592463137693601,2,152
BHF ,3ac7314af031571512a844a7b18bd75e,sp|Q9Y5G4|PCDG9_HUMAN Protocadherin gamma-A9 OS=Homo sapiens OX=9606 GN=PCDHGA9 PE=1 SV=1,0.025,1,72,5,hp,e8f23b81a4663cd6674f7cbdbbdfc13f,0.0043859649122807015,0.025,1.0,1.0,0.0,0.9500559162941453,0.9297848702778635,0.9399203932860044,0.9500559162941453,1,189
BHF ,3ac7314af031571512a844a7b18bd75e,sp|O43497|CAC1G_HUMAN Voltage-dependent T-type calcium channel subunit alpha-1G OS=Homo sapiens OX=9606 GN=CACNA1G PE=1 SV=3,0.025,1,72,5,hp,ef6794bbdb67d8703e57e8cfba3d3416,0.002036659877800407,0.025,1.0,1.0,0.0,0.9500559162941453,0.9185928850964763,0.9343244006953109,0.9500559162941453,1,452
BHF ,3ac7314af031571512a844a7b18bd75e,sp|O43497-10|CAC1G_HUMAN Isoform 10 of Voltage-dependent T-type calcium channel subunit alpha-1G OS=Homo sapiens OX=9606 GN=CACNA1G,0.05,2,72,5,hp,205dc5fc750d18e05661a4ba4f3037ee,0.004149377593360996,0.05,1.0,1.0,0.0,0.9592463137693601,0.9277089880311976,0.9434776509002789,0.9592463137693601,2,444
BHF ,3ac7314af031571512a844a7b18bd75e,sp|O43497-20|CAC1G_HUMAN Isoform 19 of Voltage-dependent T-type calcium channel subunit alpha-1G OS=Homo sapiens OX=9606 GN=CACNA1G,0.025,1,72,5,hp,0a26e9a877c0f37a633a8b3c7154f392,0.002061855670103093,0.025,1.0,1.0,0.0,0.9500559162941453,0.918763392113379,0.9344096542037621,0.9500559162941453,1,446
BHF ,3ac7314af031571512a844a7b18bd75e,sp|O43497-33|CAC1G_HUMAN Isoform 32 of Voltage-dependent T-type calcium channel subunit alpha-1G OS=Homo sapiens OX=9606 GN=CACNA1G,0.025,1,72,5,hp,8b2beb783b510d29a9ddbc283f7278d6,0.002053388090349076,0.025,1.0,1.0,0.0,0.9500559162941453,0.9187062993730023,0.9343811078335738,0.9500559162941453,1,448
BHF ,3ac7314af031571512a844a7b18bd75e,sp|O43497-4|CAC1G_HUMAN Isoform 3 of Voltage-dependent T-type calcium channel subunit alpha-1G OS=Homo sapiens OX=9606 GN=CACNA1G,0.025,1,72,5,hp,3934a8397f5cff4a2bed537029d3dd16,0.002028397565922921,0.025,1.0,1.0,0.0,0.9500559162941453,0.918536558985743,0.9342962376399442,0.9500559162941453,1,454
BHF ,3ac7314af031571512a844a7b18bd75e,sp|Q13098-5|CSN1_HUMAN Isoform 4 of COP9 signalosome complex subunit 1 OS=Homo sapiens OX=9606 GN=GPS1,0.025,1,72,5,hp,e91e6a42da1120c19529c9947d4235e5,0.008064516129032258,0.025,1.0,1.0,0.0,0.9500559162941453,0.9401616130933165,0.9451087646937308,0.9500559162941453,1,85
BHF ,3ac7314af031571512a844a7b18bd75e,sp|Q13098-7|CSN1_HUMAN Isoform 2 of COP9 signalosome complex subunit 1 OS=Homo sapiens OX=9606 GN=GPS1,0.025,1,72,5,hp,a465d57de8f511699ed70aa0f29006c0,0.007692307692307693,0.025,1.0,1.0,0.0,0.9500559162941453,0.93927138513315,0.9446636507136477,0.9500559162941453,1,91
BHF ,3ac7314af031571512a844a7b18bd75e,sp|Q2M329|CF184_HUMAN Cilia- and flagella-associated protein 184 OS=Homo sapiens OX=9606 GN=CFAP184 PE=1 SV=2,0.025,1,72,5,hp,bcbb895a46121b723c88b4d7b25883d4,0.006896551724137931,0.025,1.0,1.0,0.0,0.9500559162941453,0.9372830254740008,0.943669470884073,0.9500559162941453,1,106
BHF ,3ac7314af031571512a844a7b18bd75e,sp|O60281|ZN292_HUMAN Zinc finger protein 292 OS=Homo sapiens OX=9606 GN=ZNF292 PE=1 SV=3,0.05,2,72,5,hp,cd920c9ea15076edab81069f4a0c00b5,0.0033613445378151263,0.05,1.0,1.0,0.0,0.9592463137693601,0.9247920644439604,0.9420191891066603,0.9592463137693601,2,557
BHF ,3ac7314af031571512a844a7b18bd75e,sp|Q9H307|PININ_HUMAN Pinin OS=Homo sapiens OX=9606 GN=PNN PE=1 SV=5,0.05,2,72,5,hp,00b584b913d3c2c380350578acd69259,0.010638297872340425,0.05,1.0,1.0,0.0,0.9592463137693601,0.9417973897904873,0.9505218517799237,0.9592463137693601,2,152
BHF ,3ac7314af031571512a844a7b18bd75e,sp|O60669|MOT2_HUMAN Monocarboxylate transporter 2 OS=Homo sapiens OX=9606 GN=SLC16A7 PE=1 SV=2,0.025,1,72,5,hp,73c53f5fbe311754964d6bef72ea696b,0.007936507936507936,0.025,1.0,1.0,0.0,0.9500559162941453,0.939857978675735,0.9449569474849402,0.9500559162941453,1,87
BHF ,3ac7314af031571512a844a7b18bd75e,sp|Q96J65-2|MRP9_HUMAN Isoform 2 of ATP-binding cassette sub-family C member 12 OS=Homo sapiens OX=9606 GN=ABCC12,0.025,1,72,5,hp,19e181eb54d36c7e4f01cbec331971e7,0.004672897196261682,0.025,1.0,1.0,0.0,0.9500559162941453,0.9307792517938465,0.9404175840439959,0.9500559162941453,1,175
BHF ,3ac7314af031571512a844a7b18bd75e,sp|Q9HBG6-10|IF122_HUMAN Isoform 10 of Intraflagellar transport protein 122 homolog OS=Homo sapiens OX=9606 GN=IFT122,0.05,2,72,5,hp,8f91379d0f30a46b374af304bd593ba1,0.00881057268722467,0.05,1.0,1.0,0.0,0.9592463137693601,0.9387791751158632,0.9490127444426116,0.9592463137693601,2,189
BHF ,3ac7314af031571512a844a7b18bd75e,sp|Q96J65-5|MRP9_HUMAN Isoform 5 of ATP-binding cassette sub-family C member 12 OS=Homo sapiens OX=9606 GN=ABCC12,0.025,1,72,5,hp,1c606e233322496e4566a96206d14b1a,0.0049504950495049506,0.025,1.0,1.0,0.0,0.9500559162941453,0.9316980191697034,0.9408769677319244,0.9500559162941453,1,163
BHF ,3ac7314af031571512a844a7b18bd75e,sp|Q9HC62|SENP2_HUMAN Sentrin-specific protease 2 OS=Homo sapiens OX=9606 GN=SENP2 PE=1 SV=3,0.025,1,72,5,hp,13ebeeecd64352a5fdbca3bb9453198f,0.006097560975609756,0.025,1.0,1.0,0.0,0.9500559162941453,0.9351391726482042,0.9425975444711747,0.9500559162941453,1,125
BHF ,3ac7314af031571512a844a7b18bd75e,sp|P06162|PHOSP_PI3H4 Phosphoprotein OS=Human parainfluenza 3 virus (strain Wash/47885/57) OX=11217 GN=P/V/D PE=1 SV=1,0.025,1,72,5,hp,808015f39a01e6504941fa87c92f927a,0.0070921985815602835,0.025,1.0,1.0,0.0,0.9500559162941453,0.9377839063729991,0.9439199113335722,0.9500559162941453,1,102
BHF ,3ac7314af031571512a844a7b18bd75e,sp|P09853|RIR1_HHV23 Ribonucleoside-diphosphate reductase large subunit OS=Human herpesvirus 2 (strain 333) OX=10313 GN=RIR1 PE=3 SV=2,0.025,1,72,5,hp,f6fe0c65d2e5a639cf341e95d842cf51,0.003355704697986577,0.025,1.0,1.0,0.0,0.9500559162941453,0.9257249047988443,0.9378904105464948,0.9500559162941453,1,259
BHF ,3ac7314af031571512a844a7b18bd75e,sp|P20896|GLYC_HRSV1 Major surface glycoprotein G OS=Human respiratory syncytial virus B (strain 18537) OX=11251 GN=G PE=1 SV=1,0.025,1,72,5,hp,71f81e96850ddf652c5ae9495445c9ec,0.011111111111111112,0.025,1.0,1.0,0.0,0.9500559162941453,0.946855590152461,0.9484557532233031,0.9500559162941453,1,51
BHF ,3ac7314af031571512a844a7b18bd75e,sp|P23041|GLYC_HRSV8 Major surface glycoprotein G OS=Human respiratory syncytial virus B (strain 8/60) OX=11258 GN=G PE=3 SV=1,0.025,1,72,5,hp,ec4a21fe7302b08a1444f76effb54fb7,0.011111111111111112,0.025,1.0,1.0,0.0,0.9500559162941453,0.946855590152461,0.9484557532233031,0.9500559162941453,1,51
BHF ,3ac7314af031571512a844a7b18bd75e,sp|Q9NRE2|TSH2_HUMAN Teashirt homolog 2 OS=Homo sapiens OX=9606 GN=TSHZ2 PE=1 SV=3,0.025,1,72,5,hp,aaae1d4c3dc0dabaff0ee22312f166a9,0.004149377593360996,0.025,1.0,1.0,0.0,0.9500559162941453,0.9289262402601286,0.939491078277137,0.9500559162941453,1,202
BHF ,3ac7314af031571512a844a7b18bd75e,sp|Q15652-2|JHD2C_HUMAN Isoform 2 of Probable JmjC domain-containing histone demethylation protein 2C OS=Homo sapiens OX=9606 GN=JMJD1C,0.025,1,72,5,hp,fa5fd8605011fab4222d8f39117cc721,0.003048780487804878,0.025,1.0,1.0,0.0,0.9500559162941453,0.9243168353934282,0.9371863758437868,0.9500559162941453,1,289
BHF ,3ac7314af031571512a844a7b18bd75e,sp|Q15652-3|JHD2C_HUMAN Isoform 3 of Probable JmjC domain-containing histone demethylation protein 2C OS=Homo sapiens OX=9606 GN=JMJD1C,0.025,1,72,5,hp,6527e35a28c86b7664597c9bbae7ca29,0.0019723865877712033,0.025,1.0,1.0,0.0,0.9500559162941453,0.9181491828634751,0.9341025495788102,0.9500559162941453,1,468
BHF ,3ac7314af031571512a844a7b18bd75e,sp|Q05134|VE1_HPV12 Replication protein E1 OS=Human papillomavirus 12 OX=10604 GN=E1 PE=3 SV=2,0.025,1,72,5,hp,05c9a26a43d7a399f1d95f14a24d44da,0.006756756756756757,0.025,1.0,1.0,0.0,0.9500559162941453,0.936919784304198,0.9434878502991717,0.9500559162941453,1,109
BHF ,3ac7314af031571512a844a7b18bd75e,sp|Q96T23-2|RSF1_HUMAN Isoform 2 of Remodeling and spacing factor 1 OS=Homo sapiens OX=9606 GN=RSF1,0.05,2,72,5,hp,9b0286b64f394af4e0948eef1196d197,0.006389776357827476,0.05,1.0,1.0,0.0,0.9592463137693601,0.933902098803546,0.9465742062864531,0.9592463137693601,2,275
BHF ,3ac7314af031571512a844a7b18bd75e,sp|Q96T23-3|RSF1_HUMAN Isoform 3 of Remodeling and spacing factor 1 OS=Homo sapiens OX=9606 GN=RSF1,0.05,2,72,5,hp,1b8783b2501d752bc5078fdd57d39e7c,0.0076045627376425855,0.05,1.0,1.0,0.0,0.9592463137693601,0.9365086013941316,0.9478774575817459,0.9592463137693601,2,225
BHF ,3ac7314af031571512a844a7b18bd75e,sp|O15440-5|MRP5_HUMAN Isoform 5 of ATP-binding cassette sub-family C member 5 OS=Homo sapiens OX=9606 GN=ABCC5,0.025,1,72,5,hp,a6fab4d0d75fca425a6e1d5e46fc3909,0.0033003300330033004,0.025,1.0,1.0,0.0,0.9500559162941453,0.9254790926588873,0.9377675044765164,0.9500559162941453,1,265
BHF ,3ac7314af031571512a844a7b18bd75e,sp|O43148-2|MCES_HUMAN Isoform 2 of mRNA cap guanine-N(7) methyltransferase OS=Homo sapiens OX=9606 GN=RNMT,0.075,3,72,5,hp,a1cd3306c355c8cfda8b72a095baa71a,0.023076923076923078,0.075,1.0,1.0,0.0,0.9646635099018441,0.9534252363385641,0.9590443731202041,0.9646635099018441,3,93
BHF ,3ac7314af031571512a844a7b18bd75e,sp|A8K8P3-2|SFI1_HUMAN Isoform 2 of Protein SFI1 homolog OS=Homo sapiens OX=9606 GN=SFI1,0.025,1,72,5,hp,e4ef0c2a2bb7c19d77578156c0389301,0.0035714285714285713,0.025,1.0,1.0,0.0,0.9500559162941453,0.9266514933453522,0.9383537048197488,0.9500559162941453,1,241
BHF ,3ac7314af031571512a844a7b18bd75e,sp|O00124-2|UBXN8_HUMAN Isoform 2 of UBX domain-containing protein 8 OS=Homo sapiens OX=9606 GN=UBXN8,0.025,1,72,5,hp,a4e61a05c66ded95f961c1749e4b0346,0.011764705882352941,0.025,1.0,1.0,0.0,0.9500559162941453,0.9482135153246449,0.9491347158093951,0.9500559162941453,1,46
BHF ,3ac7314af031571512a844a7b18bd75e,sp|O00124-3|UBXN8_HUMAN Isoform 3 of UBX domain-containing protein 8 OS=Homo sapiens OX=9606 GN=UBXN8,0.025,1,72,5,hp,7ca41185cdc9f78e2d3e5f6daa386063,0.012048192771084338,0.025,1.0,1.0,0.0,0.9500559162941453,0.9487991094365287,0.949427512865337,0.9500559162941453,1,44
BHF ,3ac7314af031571512a844a7b18bd75e,sp|P89462|RIR1_HHV2H Ribonucleoside-diphosphate reductase large subunit OS=Human herpesvirus 2 (strain HG52) OX=10315 GN=RIR1 PE=1 SV=1,0.025,1,72,5,hp,572b8922424c7c40b420fff5fdb74fbd,0.003472222222222222,0.025,1.0,1.0,0.0,0.9500559162941453,0.9262313011863507,0.9381436087402479,0.9500559162941453,1,249
BHF ,3ac7314af031571512a844a7b18bd75e,sp|Q6ZSZ6-2|TSH1_HUMAN Isoform 2 of Teashirt homolog 1 OS=Homo sapiens OX=9606 GN=TSHZ1,0.025,1,72,5,hp,24d6324c2b8516ef0f684685bbce37d2,0.004016064257028112,0.025,1.0,1.0,0.0,0.9500559162941453,0.9284252734444853,0.9392405948693153,0.9500559162941453,1,210
BHF ,3ac7314af031571512a844a7b18bd75e,sp|O60281-2|ZN292_HUMAN Isoform 2 of Zinc finger protein 292 OS=Homo sapiens OX=9606 GN=ZNF292,0.05,2,72,5,hp,58d375adbb7a65500549b607e068332c,0.0034904013961605585,0.05,1.0,1.0,0.0,0.9592463137693601,0.9253098166371241,0.9422780652032421,0.9592463137693601,2,535
BHF ,3ac7314af031571512a844a7b18bd75e,sp|P08543|RIR1_HHV11 Ribonucleoside-diphosphate reductase large subunit OS=Human herpesvirus 1 (strain 17) OX=10299 GN=RIR1 PE=1 SV=2,0.025,1,72,5,hp,86e668508ed3647486a8939b399cd040,0.0037174721189591076,0.025,1.0,1.0,0.0,0.9500559162941453,0.9272529517398714,0.9386544340170084,0.9500559162941453,1,230
BHF ,3ac7314af031571512a844a7b18bd75e,sp|Q13098|CSN1_HUMAN COP9 signalosome complex subunit 1 OS=Homo sapiens OX=9606 GN=GPS1 PE=1 SV=4,0.025,1,72,5,hp,b4c35db83b321a9215fbf31d79cde158,0.008064516129032258,0.025,1.0,1.0,0.0,0.9500559162941453,0.9401616130933165,0.9451087646937308,0.9500559162941453,1,85
BHF ,3ac7314af031571512a844a7b18bd75e,sp|P12645|BMP3_HUMAN Bone morphogenetic protein 3 OS=Homo sapiens OX=9606 GN=BMP3 PE=1 SV=2,0.05,2,72,5,hp,a3d1d8e149760cb9a978026413cdca18,0.0136986301369863,0.05,1.0,1.0,0.0,0.9592463137693601,0.9461042111661853,0.9526752624677727,0.9592463137693601,2,108
BHF ,3ac7314af031571512a844a7b18bd75e,sp|Q13416|ORC2_HUMAN Origin recognition complex subunit 2 OS=Homo sapiens OX=9606 GN=ORC2 PE=1 SV=2,0.05,2,72,5,hp,3e2a794b912a28f4b6917ae3bff32718,0.012195121951219513,0.05,1.0,1.0,0.0,0.9592463137693601,0.9440807862283527,0.9516635499988564,0.9592463137693601,2,126
BHF ,3ac7314af031571512a844a7b18bd75e,sp|Q9HC62-2|SENP2_HUMAN Isoform 2 of Sentrin-specific protease 2 OS=Homo sapiens OX=9606 GN=SENP2,0.025,1,72,5,hp,ca23878d3acf2a9a688e8b79dfbc04fe,0.006172839506172839,0.025,1.0,1.0,0.0,0.9500559162941453,0.9353486852379881,0.9427023007660666,0.9500559162941453,1,123
BHF ,3ac7314af031571512a844a7b18bd75e,sp|P13611|CSPG2_HUMAN Versican core protein OS=Homo sapiens OX=9606 GN=VCAN PE=1 SV=3,0.025,1,72,5,hp,4b910118f03c0e2dc9f3590e048d602c,0.0013404825737265416,0.025,1.0,1.0,0.0,0.9500559162941453,0.9129032019985969,0.9314795591463711,0.9500559162941453,1,707
BHF ,3ac7314af031571512a844a7b18bd75e,sp|P20896-2|GLYC_HRSV1 Isoform Secreted glycoprotein G of Major surface glycoprotein G OS=Human respiratory syncytial virus B (strain 18537) OX=11251 GN=G,0.025,1,72,5,hp,d9ee7b481bb60e51370ea07c78456cce,0.0125,0.025,1.0,1.0,0.0,0.9500559162941453,0.9497301476773228,0.949893031985734,0.9500559162941453,1,41
BHF ,3ac7314af031571512a844a7b18bd75e,sp|Q6VY07|PACS1_HUMAN Phosphofurin acidic cluster sorting protein 1 OS=Homo sapiens OX=9606 GN=PACS1 PE=1 SV=2,0.025,1,72,5,hp,ee632106dbd21aeeaa7c4f4112c2c9d5,0.0045871559633027525,0.025,1.0,1.0,0.0,0.9500559162941453,0.9304871385491965,0.9402715274216709,0.9500559162941453,1,179
BHF ,3ac7314af031571512a844a7b18bd75e,sp|P23041-2|GLYC_HRSV8 Isoform Secreted glycoprotein G of Major surface glycoprotein G OS=Human respiratory syncytial virus B (strain 8/60) OX=11258 GN=G,0.025,1,72,5,hp,4d262148edef4efb3755e516e64a5dd8,0.0125,0.025,1.0,1.0,0.0,0.9500559162941453,0.9497301476773228,0.949893031985734,0.9500559162941453,1,41
BHF ,3ac7314af031571512a844a7b18bd75e,sp|Q9NRE2-2|TSH2_HUMAN Isoform 2 of Teashirt homolog 2 OS=Homo sapiens OX=9606 GN=TSHZ2,0.025,1,72,5,hp,962b12a1b431434a742108bd12e5b823,0.004149377593360996,0.025,1.0,1.0,0.0,0.9500559162941453,0.9289262402601286,0.939491078277137,0.9500559162941453,1,202
BHF ,3ac7314af031571512a844a7b18bd75e,sp|Q6ZSZ6|TSH1_HUMAN Teashirt homolog 1 OS=Homo sapiens OX=9606 GN=TSHZ1 PE=1 SV=2,0.025,1,72,5,hp,1c090fd5cc151c99139524bfbc98cd9c,0.003952569169960474,0.025,1.0,1.0,0.0,0.9500559162941453,0.9281820000764343,0.9391189581852898,0.9500559162941453,1,214
BHF ,3ac7314af031571512a844a7b18bd75e,sp|P13611-3|CSPG2_HUMAN Isoform V2 of Versican core protein OS=Homo sapiens OX=9606 GN=VCAN,0.025,1,72,5,hp,0c17bfb84f264d9111764d088728a7be,0.00267379679144385,0.025,1.0,1.0,0.0,0.9500559162941453,0.9224225963882274,0.9362392563411863,0.9500559162941453,1,335
BHF ,3ac7314af031571512a844a7b18bd75e,sp|P13611-5|CSPG2_HUMAN Isoform Vint of Versican core protein OS=Homo sapiens OX=9606 GN=VCAN,0.025,1,72,5,hp,0e6ddb1f0348ee5ffbd617a5a856b956,0.0013477088948787063,0.025,1.0,1.0,0.0,0.9500559162941453,0.9129751438127436,0.9315155300534445,0.9500559162941453,1,703
BHF ,3ac7314af031571512a844a7b18bd75e,sp|Q6VY07-2|PACS1_HUMAN Isoform 2 of Phosphofurin acidic cluster sorting protein 1 OS=Homo sapiens OX=9606 GN=PACS1,0.025,1,72,5,hp,78b4e55c7286478a5dbcbb59521b8b83,0.004347826086956522,0.025,1.0,1.0,0.0,0.9500559162941453,0.9296489454984749,0.9398524308963101,0.9500559162941453,1,191
BHF ,3ac7314af031571512a844a7b18bd75e,sp|P25391|LAMA1_HUMAN Laminin subunit alpha-1 OS=Homo sapiens OX=9606 GN=LAMA1 PE=1 SV=2,0.025,1,72,5,hp,67f7b62994d26d66da051c898b34462d,0.0014705882352941176,0.025,1.0,1.0,0.0,0.9500559162941453,0.9141466260566857,0.9321012711754155,0.9500559162941453,1,641
BHF ,3ac7314af031571512a844a7b18bd75e,sp|Q14554|PDIA5_HUMAN Protein disulfide-isomerase A5 OS=Homo sapiens OX=9606 GN=PDIA5 PE=1 SV=1,0.025,1,72,5,hp,13395cb01a6f6b12c9c05a53d6c5d7f5,0.007194244604316547,0.025,1.0,1.0,0.0,0.9500559162941453,0.9380418666398143,0.9440488914669798,0.9500559162941453,1,100
BHF ,3ac7314af031571512a844a7b18bd75e,sp|Q14562|DHX8_HUMAN ATP-dependent RNA helicase DHX8 OS=Homo sapiens OX=9606 GN=DHX8 PE=1 SV=1,0.025,1,72,5,hp,8dbbb671fff63c26925ca91f12d6eb97,0.0035971223021582736,0.025,1.0,1.0,0.0,0.9500559162941453,0.9267587515032599,0.9384073338987027,0.9500559162941453,1,267
BHF ,3ac7314af031571512a844a7b18bd75e,sp|Q8NDM7|CFA43_HUMAN Cilia- and flagella-associated protein 43 OS=Homo sapiens OX=9606 GN=CFAP43 PE=1 SV=3,0.05,2,72,5,hp,1fec3024fffa79aa20805e278523b873,0.00546448087431694,0.05,1.0,1.0,0.0,0.9592463137693601,0.9316188770229278,0.945432595396144,0.9592463137693601,2,328
BHF ,3ac7314af031571512a844a7b18bd75e,sp|P33527|MRP1_HUMAN Multidrug resistance-associated protein 1 OS=Homo sapiens OX=9606 GN=ABCC1 PE=1 SV=3,0.025,1,72,5,hp,f6f42b587c1eebd206905b989d491d32,0.002898550724637681,0.025,1.0,1.0,0.0,0.9500559162941453,0.9235833420772366,0.936819629185691,0.9500559162941453,1,306
BHF ,3ac7314af031571512a844a7b18bd75e,sp|P22044|PHOSP_PI4HA Phosphoprotein OS=Human parainfluenza 4a virus (strain Toshiba) OX=11225 GN=P/V PE=3 SV=1,0.025,1,72,5,hp,0f34fbbaf97ff0fabe35e5a573bc7f52,0.00819672131147541,0.025,1.0,1.0,0.0,0.9500559162941453,0.9404725792021084,0.9452642477481268,0.9500559162941453,1,83
BHF ,3ac7314af031571512a844a7b18bd75e,sp|Q8TB73|NDNF_HUMAN Protein NDNF OS=Homo sapiens OX=9606 GN=NDNF PE=1 SV=2,0.025,1,72,5,hp,b988f122789b87645b3f4f8e3eb670f9,0.007042253521126761,0.025,1.0,1.0,0.0,0.9500559162941453,0.9376568429839547,0.94385637963905,0.9500559162941453,1,103
BHF ,3ac7314af031571512a844a7b18bd75e,sp|Q15652|JHD2C_HUMAN Probable JmjC domain-containing histone demethylation protein 2C OS=Homo sapiens OX=9606 GN=JMJD1C PE=1 SV=2,0.025,1,72,5,hp,2207faef61e244a6969ed96c16cf1e44,0.0018148820326678765,0.025,1.0,1.0,0.0,0.9500559162941453,0.9170040432046712,0.9335299797494083,0.9500559162941453,1,512
BHF ,3ac7314af031571512a844a7b18bd75e,sp|Q8TD57|DYH3_HUMAN Dynein axonemal heavy chain 3 OS=Homo sapiens OX=9606 GN=DNAH3 PE=1 SV=1,0.025,1,72,5,hp,88c9ba6345cb5121d12fb2c0a9a66e4a,0.001160092807424594,0.025,1.0,1.0,0.0,0.9500559162941453,0.9109789369532835,0.9305174266237144,0.9500559162941453,1,823
BHF ,3ac7314af031571512a844a7b18bd75e,sp|Q63HK5|TSH3_HUMAN Teashirt homolog 3 OS=Homo sapiens OX=9606 GN=TSHZ3 PE=1 SV=2,0.025,1,72,5,hp,6078c10a7cdb837be06fe5c0112017cd,0.003968253968253968,0.025,1.0,1.0,0.0,0.9500559162941453,0.9282423834935836,0.9391491498938644,0.9500559162941453,1,213
BHF ,3ac7314af031571512a844a7b18bd75e,sp|P48553|TPC10_HUMAN Trafficking protein particle complex subunit 10 OS=Homo sapiens OX=9606 GN=TRAPPC10 PE=1 SV=2,0.025,1,72,5,hp,c6c2848e7fbfb31ac4c8e7e25129ffc5,0.0035587188612099642,0.025,1.0,1.0,0.0,0.9500559162941453,0.9265982022151745,0.93832705925466,0.9500559162941453,1,242
BHF ,3ac7314af031571512a844a7b18bd75e,sp|Q9Y5G4-2|PCDG9_HUMAN Isoform 2 of Protocadherin gamma-A9 OS=Homo sapiens OX=9606 GN=PCDHGA9,0.025,1,72,5,hp,facd04236e54b361238093305ddd63bf,0.004784688995215311,0.025,1.0,1.0,0.0,0.9500559162941453,0.9311540633209187,0.9406049898075319,0.9500559162941453,1,170
BHF ,3ac7314af031571512a844a7b18bd75e,sp|Q93033|IGSF2_HUMAN Immunoglobulin superfamily member 2 OS=Homo sapiens OX=9606 GN=CD101 PE=1 SV=2,0.025,1,72,5,hp,0f96e9068996ec4a0e1fe923711b42d6,0.004166666666666667,0.025,1.0,1.0,0.0,0.9500559162941453,0.9289902711508073,0.9395230937224763,0.9500559162941453,1,201
BHF ,3ac7314af031571512a844a7b18bd75e,sp|Q8N7X0|ADGB_HUMAN Androglobin OS=Homo sapiens OX=9606 GN=ADGB PE=1 SV=3,0.025,1,72,5,hp,76206b51f917acb0cd711c4abe970fa1,0.0027472527472527475,0.025,1.0,1.0,0.0,0.9500559162941453,0.9228109328200161,0.9364334245570807,0.9500559162941453,1,325
